Workbook

Sheet Sales Data
A1: 🏆 ANNUAL SALES DATA – FY 2024-25
A2: Emp ID | B2: Month | C2: Region | D2: Sales Rep | E2: Product | F2: Qty Sold | G2: Unit Price (₹) | H2: Total Sales (₹) | I2: Sales Target (₹)
A3: E1001 | B3: Jan | C3: North | D3: Amit Kumar | E3: Keyboard | F3: 8 | G3: 913 | H3: 7304 | I3: 6250.87
A4: E1002 | B4: Jan | C4: North | D4: Amit Kumar | E4: Speaker | F4: 14 | G4: 1315 | H4: 18410 | I4: 14947.43
A5: E1003 | B5: Jan | C5: South | D5: Ravi Sharma | E5: Webcam | F5: 20 | G5: 1812 | H5: 36240 | I5: 37127.81
A6: E1004 | B6: Jan | C6: West | D6: Suresh Nair | E6: Printer | F6: 19 | G6: 5941 | H6: 112879 | I6: 126850.28
A7: E1005 | B7: Jan | C7: North | D7: Amit Kumar | E7: Headphones | F7: 11 | G7: 2441 | H7: 26851 | I7: 23150.71
A8: E1006 | B8: Jan | C8: East | D8: Mohit Gupta | E8: Mobile | F8: 13 | G8: 6848 | H8: 89024 | I8: 84002.31
A9: E1007 | B9: Jan | C9: East | D9: Anjali Verma | E9: Laptop | F9: 15 | G9: 10073 | H9: 151095 | I9: 128420.24
A10: E1008 | B10: Jan | C10: West | D10: Suresh Nair | E10: Webcam | F10: 10 | G10: 2120 | H10: 21200 | I10: 22205.05
A11: E1009 | B11: Jan | C11: East | D11: Mohit Gupta | E11: Mobile | F11: 2 | G11: 7137 | H11: 14274 | I11: 12720.41
A12: E1010 | B12: Jan | C12: East | D12: Mohit Gupta | E12: Monitor | F12: 4 | G12: 7493 | H12: 29972 | I12: 27310.17
A13: E1011 | B13: Jan | C13: East | D13: Mohit Gupta | E13: Mouse | F13: 12 | G13: 506 | H13: 6072 | I13: 6485.32
A14: E1012 | B14: Jan | C14: North | D14: Amit Kumar | E14: Webcam | F14: 8 | G14: 1882 | H14: 15056 | I14: 14828.72
... A218: E1216 | B218: Dec | C218: East | D218: Anjali Verma | E218: Speaker | F218: 20 | G218: 1342 | H218: 26840 | I218: 30955.56

Sheet VLOOKUP - Product Lookup
A1: 📋 PRODUCT REFERENCE TABLE | E1: 🔍 VLOOKUP DEMO – EMPLOYEE SALES LOOKUP
A2: Product | B2: Category | C2: Price (₹) | E2: Emp ID | F2: Month | G2: Product | H2: Category (VLOOKUP) | I2: Unit Price (VLOOKUP)
A3: Laptop | B3: Electronics | C3: 9999 | E3: E1001 | F3: Jan | G3: Keyboard | H3: =VLOOKUP(G3,$A$3:$C$12,2,FALSE()) -> Accessories | I3: =VLOOKUP(G3,$A$3:$C$12,3,FALSE()) -> 999
A4: Mobile | B4: Electronics | C4: 6999 | E4: E1002 | F4: Jan | G4: Speaker | H4: =VLOOKUP(G4,$A$3:$C$12,2,FALSE()) -> Peripherals | I4: =VLOOKUP(G4,$A$3:$C$12,3,FALSE()) -> 1499
A5: Tablet | B5: Electronics | C5: 4999 | E5: E1003 | F5: Jan | G5: Webcam | H5: =VLOOKUP(G5,$A$3:$C$12,2,FALSE()) -> Peripherals | I5: =VLOOKUP(G5,$A$3:$C$12,3,FALSE()) -> 1999
A6: Monitor | B6: Electronics | C6: 7499 | E6: E1004 | F6: Jan | G6: Printer | H6: =VLOOKUP(G6,$A$3:$C$12,2,FALSE()) -> Peripherals | I6: =VLOOKUP(G6,$A$3:$C$12,3,FALSE()) -> 5999
A7: Keyboard | B7: Accessories | C7: 999 | E7: E1005 | F7: Jan | G7: Headphones | H7: =VLOOKUP(G7,$A$3:$C$12,2,FALSE()) -> Accessories | I7: =VLOOKUP(G7,$A$3:$C$12,3,FALSE()) -> 2499
A8: Mouse | B8: Accessories | C8: 599 | E8: E1006 | F8: Jan | G8: Mobile | H8: =VLOOKUP(G8,$A$3:$C$12,2,FALSE()) -> Electronics | I8: =VLOOKUP(G8,$A$3:$C$12,3,FALSE()) -> 6999
A9: Headphones | B9: Accessories | C9: 2499 | E9: E1007 | F9: Jan | G9: Laptop | H9: =VLOOKUP(G9,$A$3:$C$12,2,FALSE()) -> Electronics | I9: =VLOOKUP(G9,$A$3:$C$12,3,FALSE()) -> 9999
A10: Printer | B10: Peripherals | C10: 5999 | E10: E1008 | F10: Jan | G10: Webcam | H10: =VLOOKUP(G10,$A$3:$C$12,2,FALSE()) -> Peripherals | I10: =VLOOKUP(G10,$A$3:$C$12,3,FALSE()) -> 1999
A11: Webcam | B11: Peripherals | C11: 1999 | E11: E1009 | F11: Jan | G11: Mobile | H11: =VLOOKUP(G11,$A$3:$C$12,2,FALSE()) -> Electronics | I11: =VLOOKUP(G11,$A$3:$C$12,3,FALSE()) -> 6999
A12: Speaker | B12: Peripherals | C12: 1499 | E12: E1010 | F12: Jan | G12: Monitor | H12: =VLOOKUP(G12,$A$3:$C$12,2,FALSE()) -> Electronics | I12: =VLOOKUP(G12,$A$3:$C$12,3,FALSE()) -> 7499
E13: E1011 | F13: Jan | G13: Mouse | H13: =VLOOKUP(G13,$A$3:$C$12,2,FALSE()) -> Accessories | I13: =VLOOKUP(G13,$A$3:$C$12,3,FALSE()) -> 599
E14: E1012 | F14: Jan | G14: Webcam | H14: =VLOOKUP(G14,$A$3:$C$12,2,FALSE()) -> Peripherals | I14: =VLOOKUP(G14,$A$3:$C$12,3,FALSE()) -> 1999
E15: E1013 | F15: Jan | G15: Mouse | H15: =VLOOKUP(G15,$A$3:$C$12,2,FALSE()) -> Accessories | I15: =VLOOKUP(G15,$A$3:$C$12,3,FALSE()) -> 599
E16: E1014 | F16: Jan | G16: Keyboard | H16: =VLOOKUP(G16,$A$3:$C$12,2,FALSE()) -> Accessories | I16: =VLOOKUP(G16,$A$3:$C$12,3,FALSE()) -> 999
E17: E1015 | F17: Jan | G17: Printer | H17: =VLOOKUP(G17,$A$3:$C$12,2,FALSE()) -> Peripherals | I17: =VLOOKUP(G17,$A$3:$C$12,3,FALSE()) -> 5999
E18: E1016 | F18: Jan | G18: Monitor | H18: =VLOOKUP(G18,$A$3:$C$12,2,FALSE()) -> Electronics | I18: =VLOOKUP(G18,$A$3:$C$12,3,FALSE()) -> 7499
E19: E1017 | F19: Jan | G19: Mouse | H19: =VLOOKUP(G19,$A$3:$C$12,2,FALSE()) -> Accessories | I19: =VLOOKUP(G19,$A$3:$C$12,3,FALSE()) -> 599
E20: E1018 | F20: Jan | G20: Mobile | H20: =VLOOKUP(G20,$A$3:$C$12,2,FALSE()) -> Electronics | I20: =VLOOKUP(G20,$A$3:$C$12,3,FALSE()) -> 6999
E21: E1019 | F21: Feb | G21: Headphones | H21: =VLOOKUP(G21,$A$3:$C$12,2,FALSE()) -> Accessories | I21: =VLOOKUP(G21,$A$3:$C$12,3,FALSE()) -> 2499
E22: E1020 | F22: Feb | G22: Mobile | H22: =VLOOKUP(G22,$A$3:$C$12,2,FALSE()) -> Electronics | I22: =VLOOKUP(G22,$A$3:$C$12,3,FALSE()) -> 6999
E23: E1021 | F23: Feb | G23: Keyboard | H23: =VLOOKUP(G23,$A$3:$C$12,2,FALSE()) -> Accessories | I23: =VLOOKUP(G23,$A$3:$C$12,3,FALSE()) -> 999
E24: E1022 | F24: Feb | G24: Webcam | H24: =VLOOKUP(G24,$A$3:$C$12,2,FALSE()) -> Peripherals | I24: =VLOOKUP(G24,$A$3:$C$12,3,FALSE()) -> 1999
... E27: E1025 | F27: Feb | G27: Laptop | H27: =VLOOKUP(G27,$A$3:$C$12,2,FALSE()) -> Electronics | I27: =VLOOKUP(G27,$A$3:$C$12,3,FALSE()) -> 9999
E30: ℹ️ VLOOKUP(lookup_value, table_array, col_index, [range_lookup]) – Searches col G in Product Reference Table and returns Category or Price

Sheet COUNTIF & SUMIF
A1: 📊 COUNTIF – HOW MANY TIMES WAS EACH PRODUCT SOLD? | F1: 💰 SUMIF – TOTAL SALES BY REGION & PRODUCT
A2: Product | B2: Count of Sales | C2: Count > 10 Units | D2: Count = 'North' Region | F2: Region | G2: Total Sales (₹) | H2: Total Target (₹) | I2: Achievement %
A3: Laptop | B3: =COUNTIF('Sales Data'!E:E,A3) -> 17 | C3: =COUNTIFS('Sales Data'!E:E,A3,'Sales Data'!F:F,">"&10) -> 5 | D3: =COUNTIFS('Sales Data'!E:E,A3,'Sales Data'!C:C,"North") -> 3 | F3: North | G3: =SUMIF('Sales Data'!C:C,F3,'Sales Data'!H:H) -> 1529877 | H3: =SUMIF('Sales Data'!C:C,F3,'Sales Data'!I:I) -> 1439292.4 | I3: =IFERROR(G3/H3,0) -> 1.0629369
A4: Mobile | B4: =COUNTIF('Sales Data'!E:E,A4) -> 31 | C4: =COUNTIFS('Sales Data'!E:E,A4,'Sales Data'!F:F,">"&10) -> 16 | D4: =COUNTIFS('Sales Data'!E:E,A4,'Sales Data'!C:C,"North") -> 5 | F4: South | G4: =SUMIF('Sales Data'!C:C,F4,'Sales Data'!H:H) -> 2077579 | H4: =SUMIF('Sales Data'!C:C,F4,'Sales Data'!I:I) -> 2060243 | I4: =IFERROR(G4/H4,0) -> 1.0084145
A5: Tablet | B5: =COUNTIF('Sales Data'!E:E,A5) -> 16 | C5: =COUNTIFS('Sales Data'!E:E,A5,'Sales Data'!F:F,">"&10) -> 10 | D5: =COUNTIFS('Sales Data'!E:E,A5,'Sales Data'!C:C,"North") -> 4 | F5: East | G5: =SUMIF('Sales Data'!C:C,F5,'Sales Data'!H:H) -> 3139054 | H5: =SUMIF('Sales Data'!C:C,F5,'Sales Data'!I:I) -> 3083298.2 | I5: =IFERROR(G5/H5,0) -> 1.0180832
A6: Monitor | B6: =COUNTIF('Sales Data'!E:E,A6) -> 22 | C6: =COUNTIFS('Sales Data'!E:E,A6,'Sales Data'!F:F,">"&10) -> 11 | D6: =COUNTIFS('Sales Data'!E:E,A6,'Sales Data'!C:C,"North") -> 6 | F6: West | G6: =SUMIF('Sales Data'!C:C,F6,'Sales Data'!H:H) -> 2844090 | H6: =SUMIF('Sales Data'!C:C,F6,'Sales Data'!I:I) -> 2894561.3 | I6: =IFERROR(G6/H6,0) -> 0.98256341
A7: Keyboard | B7: =COUNTIF('Sales Data'!E:E,A7) -> 26 | C7: =COUNTIFS('Sales Data'!E:E,A7,'Sales Data'!F:F,">"&10) -> 14 | D7: =COUNTIFS('Sales Data'!E:E,A7,'Sales Data'!C:C,"North") -> 7 | F7: TOTAL | G7: =SUM(G3:G6) -> 9590600 | H7: =SUM(H3:H6) -> 9477395 | I7: =IFERROR(G7/H7,0) -> 1.0119447
A8: Mouse | B8: =COUNTIF('Sales Data'!E:E,A8) -> 18 | C8: =COUNTIFS('Sales Data'!E:E,A8,'Sales Data'!F:F,">"&10) -> 6 | D8: =COUNTIFS('Sales Data'!E:E,A8,'Sales Data'!C:C,"North") -> 5
A9: Headphones | B9: =COUNTIF('Sales Data'!E:E,A9) -> 21 | C9: =COUNTIFS('Sales Data'!E:E,A9,'Sales Data'!F:F,">"&10) -> 8 | D9: =COUNTIFS('Sales Data'!E:E,A9,'Sales Data'!C:C,"North") -> 7
A10: Printer | B10: =COUNTIF('Sales Data'!E:E,A10) -> 24 | C10: =COUNTIFS('Sales Data'!E:E,A10,'Sales Data'!F:F,">"&10) -> 14 | D10: =COUNTIFS('Sales Data'!E:E,A10,'Sales Data'!C:C,"North") -> 3 | F10: 💰 SUMIF – TOTAL SALES BY PRODUCT
A11: Webcam | B11: =COUNTIF('Sales Data'!E:E,A11) -> 26 | C11: =COUNTIFS('Sales Data'!E:E,A11,'Sales Data'!F:F,">"&10) -> 10 | D11: =COUNTIFS('Sales Data'!E:E,A11,'Sales Data'!C:C,"North") -> 7 | F11: Product | G11: Total Sales (₹) | H11: Total Qty | I11: Avg Price (₹)
A12: Speaker | B12: =COUNTIF('Sales Data'!E:E,A12) -> 15 | C12: =COUNTIFS('Sales Data'!E:E,A12,'Sales Data'!F:F,">"&10) -> 10 | D12: =COUNTIFS('Sales Data'!E:E,A12,'Sales Data'!C:C,"North") -> 4 | F12: Laptop | G12: =SUMIF('Sales Data'!E:E,F12,'Sales Data'!H:H) -> 1361039 | H12: =SUMIF('Sales Data'!E:E,F12,'Sales Data'!F:F) -> 136 | I12: =IFERROR(G12/H12,0) -> 10007.64
F13: Mobile | G13: =SUMIF('Sales Data'!E:E,F13,'Sales Data'!H:H) -> 2344635 | H13: =SUMIF('Sales Data'!E:E,F13,'Sales Data'!F:F) -> 334 | I13: =IFERROR(G13/H13,0) -> 7019.8653
F14: Tablet | G14: =SUMIF('Sales Data'!E:E,F14,'Sales Data'!H:H) -> 946653 | H14: =SUMIF('Sales Data'!E:E,F14,'Sales Data'!F:F) -> 191 | I14: =IFERROR(G14/H14,0) -> 4956.2984
F15: Monitor | G15: =SUMIF('Sales Data'!E:E,F15,'Sales Data'!H:H) -> 1736920 | H15: =SUMIF('Sales Data'!E:E,F15,'Sales Data'!F:F) -> 232 | I15: =IFERROR(G15/H15,0) -> 7486.7241
F16: Keyboard | G16: =SUMIF('Sales Data'!E:E,F16,'Sales Data'!H:H) -> 277100 | H16: =SUMIF('Sales Data'!E:E,F16,'Sales Data'!F:F) -> 289 | I16: =IFERROR(G16/H16,0) -> 958.82353
F17: Mouse | G17: =SUMIF('Sales Data'!E:E,F17,'Sales Data'!H:H) -> 87813 | H17: =SUMIF('Sales Data'!E:E,F17,'Sales Data'!F:F) -> 145 | I17: =IFERROR(G17/H17,0) -> 605.6069
F18: Headphones | G18: =SUMIF('Sales Data'!E:E,F18,'Sales Data'!H:H) -> 475174 | H18: =SUMIF('Sales Data'!E:E,F18,'Sales Data'!F:F) -> 193 | I18: =IFERROR(G18/H18,0) -> 2462.0415
F19: Printer | G19: =SUMIF('Sales Data'!E:E,F19,'Sales Data'!H:H) -> 1550739 | H19: =SUMIF('Sales Data'!E:E,F19,'Sales Data'!F:F) -> 258 | I19: =IFERROR(G19/H19,0) -> 6010.6163
F20: Webcam | G20: =SUMIF('Sales Data'!E:E,F20,'Sales Data'!H:H) -> 503752 | H20: =SUMIF('Sales Data'!E:E,F20,'Sales Data'!F:F) -> 252 | I20: =IFERROR(G20/H20,0) -> 1999.0159
F21: Speaker | G21: =SUMIF('Sales Data'!E:E,F21,'Sales Data'!H:H) -> 306775 | H21: =SUMIF('Sales Data'!E:E,F21,'Sales Data'!F:F) -> 208 | I21: =IFERROR(G21/H21,0) -> 1474.8798

Sheet Pivot Table Analysis
A1: 📊 PIVOT TABLE – SALES BY MONTH × REGION
A2: Month | B2: North | C2: South | D2: East | E2: West | F2: Grand Total
A3: Jan | B3: =SUMPRODUCT(('Sales Data'!B$3:B$218=A3)*('Sales Data'!C$3:C$218="North"),'Sales Data'!H$3:H$218) -> 103221 | C3: =SUMPRODUCT(('Sales Data'!B$3:B$218=A3)*('Sales Data'!C$3:C$218="South"),'Sales Data'!H$3:H$218) -> 36240 | D3: =SUMPRODUCT(('Sales Data'!B$3:B$218=A3)*('Sales Data'!C$3:C$218="East"),'Sales Data'!H$3:H$218) -> 510186 | E3: =SUMPRODUCT(('Sales Data'!B$3:B$218=A3)*('Sales Data'!C$3:C$218="West"),'Sales Data'!H$3:H$218) -> 137831 | F3: =SUM(B3:E3) -> 787478
A4: Feb | B4: =SUMPRODUCT(('Sales Data'!B$3:B$218=A4)*('Sales Data'!C$3:C$218="North"),'Sales Data'!H$3:H$218) -> 344880 | C4: =SUMPRODUCT(('Sales Data'!B$3:B$218=A4)*('Sales Data'!C$3:C$218="South"),'Sales Data'!H$3:H$218) -> 61421 | D4: =SUMPRODUCT(('Sales Data'!B$3:B$218=A4)*('Sales Data'!C$3:C$218="East"),'Sales Data'!H$3:H$218) -> 230788 | E4: =SUMPRODUCT(('Sales Data'!B$3:B$218=A4)*('Sales Data'!C$3:C$218="West"),'Sales Data'!H$3:H$218) -> 226093 | F4: =SUM(B4:E4) -> 863182
A5: Mar | B5: =SUMPRODUCT(('Sales Data'!B$3:B$218=A5)*('Sales Data'!C$3:C$218="North"),'Sales Data'!H$3:H$218) -> 146472 | C5: =SUMPRODUCT(('Sales Data'!B$3:B$218=A5)*('Sales Data'!C$3:C$218="South"),'Sales Data'!H$3:H$218) -> 94356 | D5: =SUMPRODUCT(('Sales Data'!B$3:B$218=A5)*('Sales Data'!C$3:C$218="East"),'Sales Data'!H$3:H$218) -> 129543 | E5: =SUMPRODUCT(('Sales Data'!B$3:B$218=A5)*('Sales Data'!C$3:C$218="West"),'Sales Data'!H$3:H$218) -> 148140 | F5: =SUM(B5:E5) -> 518511
A6: Apr | B6: =SUMPRODUCT(('Sales Data'!B$3:B$218=A6)*('Sales Data'!C$3:C$218="North"),'Sales Data'!H$3:H$218) -> 117135 | C6: =SUMPRODUCT(('Sales Data'!B$3:B$218=A6)*('Sales Data'!C$3:C$218="South"),'Sales Data'!H$3:H$218) -> 235100 | D6: =SUMPRODUCT(('Sales Data'!B$3:B$218=A6)*('Sales Data'!C$3:C$218="East"),'Sales Data'!H$3:H$218) -> 491940 | E6: =SUMPRODUCT(('Sales Data'!B$3:B$218=A6)*('Sales Data'!C$3:C$218="West"),'Sales Data'!H$3:H$218) -> 156504 | F6: =SUM(B6:E6) -> 1000679
A7: May | B7: =SUMPRODUCT(('Sales Data'!B$3:B$218=A7)*('Sales Data'!C$3:C$218="North"),'Sales Data'!H$3:H$218) -> 117746 | C7: =SUMPRODUCT(('Sales Data'!B$3:B$218=A7)*('Sales Data'!C$3:C$218="South"),'Sales Data'!H$3:H$218) -> 148792 | D7: =SUMPRODUCT(('Sales Data'!B$3:B$218=A7)*('Sales Data'!C$3:C$218="East"),'Sales Data'!H$3:H$218) -> 166300 | E7: =SUMPRODUCT(('Sales Data'!B$3:B$218=A7)*('Sales Data'!C$3:C$218="West"),'Sales Data'!H$3:H$218) -> 448387 | F7: =SUM(B7:E7) -> 881225
A8: Jun | B8: =SUMPRODUCT(('Sales Data'!B$3:B$218=A8)*('Sales Data'!C$3:C$218="North"),'Sales Data'!H$3:H$218) -> 139677 | C8: =SUMPRODUCT(('Sales Data'!B$3:B$218=A8)*('Sales Data'!C$3:C$218="South"),'Sales Data'!H$3:H$218) -> 41548 | D8: =SUMPRODUCT(('Sales Data'!B$3:B$218=A8)*('Sales Data'!C$3:C$218="East"),'Sales Data'!H$3:H$218) -> 347516 | E8: =SUMPRODUCT(('Sales Data'!B$3:B$218=A8)*('Sales Data'!C$3:C$218="West"),'Sales Data'!H$3:H$218) -> 112842 | F8: =SUM(B8:E8) -> 641583
A9: Jul | B9: =SUMPRODUCT(('Sales Data'!B$3:B$218=A9)*('Sales Data'!C$3:C$218="North"),'Sales Data'!H$3:H$218) -> 103642 | C9: =SUMPRODUCT(('Sales Data'!B$3:B$218=A9)*('Sales Data'!C$3:C$218="South"),'Sales Data'!H$3:H$218) -> 144282 | D9: =SUMPRODUCT(('Sales Data'!B$3:B$218=A9)*('Sales Data'!C$3:C$218="East"),'Sales Data'!H$3:H$218) -> 116186 | E9: =SUMPRODUCT(('Sales Data'!B$3:B$218=A9)*('Sales Data'!C$3:C$218="West"),'Sales Data'!H$3:H$218) -> 169183 | F9: =SUM(B9:E9) -> 533293
A10: Aug | B10: =SUMPRODUCT(('Sales Data'!B$3:B$218=A10)*('Sales Data'!C$3:C$218="North"),'Sales Data'!H$3:H$218) -> 84063 | C10: =SUMPRODUCT(('Sales Data'!B$3:B$218=A10)*('Sales Data'!C$3:C$218="South"),'Sales Data'!H$3:H$218) -> 264030 | D10: =SUMPRODUCT(('Sales Data'!B$3:B$218=A10)*('Sales Data'!C$3:C$218="East"),'Sales Data'!H$3:H$218) -> 327470 | E10: =SUMPRODUCT(('Sales Data'!B$3:B$218=A10)*('Sales Data'!C$3:C$218="West"),'Sales Data'!H$3:H$218) -> 176964 | F10: =SUM(B10:E10) -> 852527
A11: Sep | B11: =SUMPRODUCT(('Sales Data'!B$3:B$218=A11)*('Sales Data'!C$3:C$218="North"),'Sales Data'!H$3:H$218) -> 140676 | C11: =SUMPRODUCT(('Sales Data'!B$3:B$218=A11)*('Sales Data'!C$3:C$218="South"),'Sales Data'!H$3:H$218) -> 304218 | D11: =SUMPRODUCT(('Sales Data'!B$3:B$218=A11)*('Sales Data'!C$3:C$218="East"),'Sales Data'!H$3:H$218) -> 260093 | E11: =SUMPRODUCT(('Sales Data'!B$3:B$218=A11)*('Sales Data'!C$3:C$218="West"),'Sales Data'!H$3:H$218) -> 288353 | F11: =SUM(B11:E11) -> 993340
A12: Oct | B12: =SUMPRODUCT(('Sales Data'!B$3:B$218=A12)*('Sales Data'!C$3:C$218="North"),'Sales Data'!H$3:H$218) -> 72554 | C12: =SUMPRODUCT(('Sales Data'!B$3:B$218=A12)*('Sales Data'!C$3:C$218="South"),'Sales Data'!H$3:H$218) -> 300130 | D12: =SUMPRODUCT(('Sales Data'!B$3:B$218=A12)*('Sales Data'!C$3:C$218="East"),'Sales Data'!H$3:H$218) -> 232717 | E12: =SUMPRODUCT(('Sales Data'!B$3:B$218=A12)*('Sales Data'!C$3:C$218="West"),'Sales Data'!H$3:H$218) -> 298285 | F12: =SUM(B12:E12) -> 903686
A13: Nov | B13: =SUMPRODUCT(('Sales Data'!B$3:B$218=A13)*('Sales Data'!C$3:C$218="North"),'Sales Data'!H$3:H$218) -> 78711 | C13: =SUMPRODUCT(('Sales Data'!B$3:B$218=A13)*('Sales Data'!C$3:C$218="South"),'Sales Data'!H$3:H$218) -> 351907 | D13: =SUMPRODUCT(('Sales Data'!B$3:B$218=A13)*('Sales Data'!C$3:C$218="East"),'Sales Data'!H$3:H$218) -> 142186 | E13: =SUMPRODUCT(('Sales Data'!B$3:B$218=A13)*('Sales Data'!C$3:C$218="West"),'Sales Data'!H$3:H$218) -> 278304 | F13: =SUM(B13:E13) -> 851108
A14: Dec | B14: =SUMPRODUCT(('Sales Data'!B$3:B$218=A14)*('Sales Data'!C$3:C$218="North"),'Sales Data'!H$3:H$218) -> 81100 | C14: =SUMPRODUCT(('Sales Data'!B$3:B$218=A14)*('Sales Data'!C$3:C$218="South"),'Sales Data'!H$3:H$218) -> 95555 | D14: =SUMPRODUCT(('Sales Data'!B$3:B$218=A14)*('Sales Data'!C$3:C$218="East"),'Sales Data'!H$3:H$218) -> 184129 | E14: =SUMPRODUCT(('Sales Data'!B$3:B$218=A14)*('Sales Data'!C$3:C$218="West"),'Sales Data'!H$3:H$218) -> 403204 | F14: =SUM(B14:E14) -> 763988
A15: Grand Total | B15: =SUM(B3:B14) -> 1529877 | C15: =SUM(C3:C14) -> 2077579 | D15: =SUM(D3:D14) -> 3139054 | E15: =SUM(E3:E14) -> 2844090 | F15: =SUM(F3:F14) -> 9590600
A18: 📊 PIVOT TABLE – SALES BY PRODUCT × REGION
A19: Product | B19: North | C19: South | D19: East | E19: West | F19: Grand Total
A20: Laptop | B20: =SUMPRODUCT(('Sales Data'!E$3:E$218=A20)*('Sales Data'!C$3:C$218="North"),'Sales Data'!H$3:H$218) -> 212047 | C20: =SUMPRODUCT(('Sales Data'!E$3:E$218=A20)*('Sales Data'!C$3:C$218="South"),'Sales Data'!H$3:H$218) -> 556375 | D20: =SUMPRODUCT(('Sales Data'!E$3:E$218=A20)*('Sales Data'!C$3:C$218="East"),'Sales Data'!H$3:H$218) -> 493225 | E20: =SUMPRODUCT(('Sales Data'!E$3:E$218=A20)*('Sales Data'!C$3:C$218="West"),'Sales Data'!H$3:H$218) -> 99392 | F20: =SUM(B20:E20) -> 1361039
A21: Mobile | B21: =SUMPRODUCT(('Sales Data'!E$3:E$218=A21)*('Sales Data'!C$3:C$218="North"),'Sales Data'!H$3:H$218) -> 317249 | C21: =SUMPRODUCT(('Sales Data'!E$3:E$218=A21)*('Sales Data'!C$3:C$218="South"),'Sales Data'!H$3:H$218) -> 412680 | D21: =SUMPRODUCT(('Sales Data'!E$3:E$218=A21)*('Sales Data'!C$3:C$218="East"),'Sales Data'!H$3:H$218) -> 966833 | E21: =SUMPRODUCT(('Sales Data'!E$3:E$218=A21)*('Sales Data'!C$3:C$218="West"),'Sales Data'!H$3:H$218) -> 647873 | F21: =SUM(B21:E21) -> 2344635
A22: Tablet | B22: =SUMPRODUCT(('Sales Data'!E$3:E$218=A22)*('Sales Data'!C$3:C$218="North"),'Sales Data'!H$3:H$218) -> 207591 | C22: =SUMPRODUCT(('Sales Data'!E$3:E$218=A22)*('Sales Data'!C$3:C$218="South"),'Sales Data'!H$3:H$218) -> 109724 | D22: =SUMPRODUCT(('Sales Data'!E$3:E$218=A22)*('Sales Data'!C$3:C$218="East"),'Sales Data'!H$3:H$218) -> 443119 | E22: =SUMPRODUCT(('Sales Data'!E$3:E$218=A22)*('Sales Data'!C$3:C$218="West"),'Sales Data'!H$3:H$218) -> 186219 | F22: =SUM(B22:E22) -> 946653
A23: Monitor | B23: =SUMPRODUCT(('Sales Data'!E$3:E$218=A23)*('Sales Data'!C$3:C$218="North"),'Sales Data'!H$3:H$218) -> 302163 | C23: =SUMPRODUCT(('Sales Data'!E$3:E$218=A23)*('Sales Data'!C$3:C$218="South"),'Sales Data'!H$3:H$218) -> 306223 | D23: =SUMPRODUCT(('Sales Data'!E$3:E$218=A23)*('Sales Data'!C$3:C$218="East"),'Sales Data'!H$3:H$218) -> 329772 | E23: =SUMPRODUCT(('Sales Data'!E$3:E$218=A23)*('Sales Data'!C$3:C$218="West"),'Sales Data'!H$3:H$218) -> 798762 | F23: =SUM(B23:E23) -> 1736920
A24: Keyboard | B24: =SUMPRODUCT(('Sales Data'!E$3:E$218=A24)*('Sales Data'!C$3:C$218="North"),'Sales Data'!H$3:H$218) -> 49503 | C24: =SUMPRODUCT(('Sales Data'!E$3:E$218=A24)*('Sales Data'!C$3:C$218="South"),'Sales Data'!H$3:H$218) -> 81835 | D24: =SUMPRODUCT(('Sales Data'!E$3:E$218=A24)*('Sales Data'!C$3:C$218="East"),'Sales Data'!H$3:H$218) -> 89023 | E24: =SUMPRODUCT(('Sales Data'!E$3:E$218=A24)*('Sales Data'!C$3:C$218="West"),'Sales Data'!H$3:H$218) -> 56739 | F24: =SUM(B24:E24) -> 277100
A25: Mouse | B25: =SUMPRODUCT(('Sales Data'!E$3:E$218=A25)*('Sales Data'!C$3:C$218="North"),'Sales Data'!H$3:H$218) -> 49345 | C25: =SUMPRODUCT(('Sales Data'!E$3:E$218=A25)*('Sales Data'!C$3:C$218="South"),'Sales Data'!H$3:H$218) -> 4050 | D25: =SUMPRODUCT(('Sales Data'!E$3:E$218=A25)*('Sales Data'!C$3:C$218="East"),'Sales Data'!H$3:H$218) -> 23210 | E25: =SUMPRODUCT(('Sales Data'!E$3:E$218=A25)*('Sales Data'!C$3:C$218="West"),'Sales Data'!H$3:H$218) -> 11208 | F25: =SUM(B25:E25) -> 87813
A26: Headphones | B26: =SUMPRODUCT(('Sales Data'!E$3:E$218=A26)*('Sales Data'!C$3:C$218="North"),'Sales Data'!H$3:H$218) -> 166567 | C26: =SUMPRODUCT(('Sales Data'!E$3:E$218=A26)*('Sales Data'!C$3:C$218="South"),'Sales Data'!H$3:H$218) -> 79564 | D26: =SUMPRODUCT(('Sales Data'!E$3:E$218=A26)*('Sales Data'!C$3:C$218="East"),'Sales Data'!H$3:H$218) -> 87171 | E26: =SUMPRODUCT(('Sales Data'!E$3:E$218=A26)*('Sales Data'!C$3:C$218="West"),'Sales Data'!H$3:H$218) -> 141872 | F26: =SUM(B26:E26) -> 475174
A27: Printer | B27: =SUMPRODUCT(('Sales Data'!E$3:E$218=A27)*('Sales Data'!C$3:C$218="North"),'Sales Data'!H$3:H$218) -> 35227 | C27: =SUMPRODUCT(('Sales Data'!E$3:E$218=A27)*('Sales Data'!C$3:C$218="South"),'Sales Data'!H$3:H$218) -> 303030 | D27: =SUMPRODUCT(('Sales Data'!E$3:E$218=A27)*('Sales Data'!C$3:C$218="East"),'Sales Data'!H$3:H$218) -> 540517 | E27: =SUMPRODUCT(('Sales Data'!E$3:E$218=A27)*('Sales Data'!C$3:C$218="West"),'Sales Data'!H$3:H$218) -> 671965 | F27: =SUM(B27:E27) -> 1550739
A28: Webcam | B28: =SUMPRODUCT(('Sales Data'!E$3:E$218=A28)*('Sales Data'!C$3:C$218="North"),'Sales Data'!H$3:H$218) -> 117197 | C28: =SUMPRODUCT(('Sales Data'!E$3:E$218=A28)*('Sales Data'!C$3:C$218="South"),'Sales Data'!H$3:H$218) -> 162244 | D28: =SUMPRODUCT(('Sales Data'!E$3:E$218=A28)*('Sales Data'!C$3:C$218="East"),'Sales Data'!H$3:H$218) -> 79963 | E28: =SUMPRODUCT(('Sales Data'!E$3:E$218=A28)*('Sales Data'!C$3:C$218="West"),'Sales Data'!H$3:H$218) -> 144348 | F28: =SUM(B28:E28) -> 503752
A29: Speaker | B29: =SUMPRODUCT(('Sales Data'!E$3:E$218=A29)*('Sales Data'!C$3:C$218="North"),'Sales Data'!H$3:H$218) -> 72988 | C29: =SUMPRODUCT(('Sales Data'!E$3:E$218=A29)*('Sales Data'!C$3:C$218="South"),'Sales Data'!H$3:H$218) -> 61854 | D29: =SUMPRODUCT(('Sales Data'!E$3:E$218=A29)*('Sales Data'!C$3:C$218="East"),'Sales Data'!H$3:H$218) -> 86221 | E29: =SUMPRODUCT(('Sales Data'!E$3:E$218=A29)*('Sales Data'!C$3:C$218="West"),'Sales Data'!H$3:H$218) -> 85712 | F29: =SUM(B29:E29) -> 306775
A30: Grand Total | B30: =SUM(B20:B29) -> 1529877 | C30: =SUM(C20:C29) -> 2077579 | D30: =SUM(D20:D29) -> 3139054 | E30: =SUM(E20:E29) -> 2844090 | F30: =SUM(F20:F29) -> 9590600

Sheet Dashboard
B2: 🏆 ANNUAL SALES PERFORMANCE DASHBOARD – FY 2024-25
B4: Total Revenue | E4: Total Units Sold | H4: Total Transactions | K4: Avg Sale Value
B5: =SUM('Sales Data'!H:H) -> 9590600 | E5: =SUM('Sales Data'!F:F) -> 2238 | H5: =COUNTA('Sales Data'!A3:A10000)-1 -> 215 | K5: =IFERROR(SUM('Sales Data'!H:H)/COUNTA('Sales Data'!A3:A10000),0) -> 44400.926
B6: FY 2024-25 | E6: FY 2024-25 | H6: FY 2024-25 | K6: FY 2024-25
B9: Month | C9: Monthly Sales (₹) | E9: Region | F9: Regional Sales (₹) | H9: Product | I9: Product Sales (₹)
B10: Jan | C10: =SUMIF('Sales Data'!B:B,B10,'Sales Data'!H:H) -> 787478 | E10: North | F10: =SUMIF('Sales Data'!C:C,E10,'Sales Data'!H:H) -> 1529877 | H10: Laptop | I10: =SUMIF('Sales Data'!E:E,H10,'Sales Data'!H:H) -> 1361039
B11: Feb | C11: =SUMIF('Sales Data'!B:B,B11,'Sales Data'!H:H) -> 863182 | E11: South | F11: =SUMIF('Sales Data'!C:C,E11,'Sales Data'!H:H) -> 2077579 | H11: Mobile | I11: =SUMIF('Sales Data'!E:E,H11,'Sales Data'!H:H) -> 2344635
B12: Mar | C12: =SUMIF('Sales Data'!B:B,B12,'Sales Data'!H:H) -> 518511 | E12: East | F12: =SUMIF('Sales Data'!C:C,E12,'Sales Data'!H:H) -> 3139054 | H12: Tablet | I12: =SUMIF('Sales Data'!E:E,H12,'Sales Data'!H:H) -> 946653
B13: Apr | C13: =SUMIF('Sales Data'!B:B,B13,'Sales Data'!H:H) -> 1000679 | E13: West | F13: =SUMIF('Sales Data'!C:C,E13,'Sales Data'!H:H) -> 2844090 | H13: Monitor | I13: =SUMIF('Sales Data'!E:E,H13,'Sales Data'!H:H) -> 1736920
B14: May | C14: =SUMIF('Sales Data'!B:B,B14,'Sales Data'!H:H) -> 881225 | H14: Keyboard | I14: =SUMIF('Sales Data'!E:E,H14,'Sales Data'!H:H) -> 277100
B15: Jun | C15: =SUMIF('Sales Data'!B:B,B15,'Sales Data'!H:H) -> 641583 | H15: Mouse | I15: =SUMIF('Sales Data'!E:E,H15,'Sales Data'!H:H) -> 87813
B16: Jul | C16: =SUMIF('Sales Data'!B:B,B16,'Sales Data'!H:H) -> 533293 | H16: Headphones | I16: =SUMIF('Sales Data'!E:E,H16,'Sales Data'!H:H) -> 475174
B17: Aug | C17: =SUMIF('Sales Data'!B:B,B17,'Sales Data'!H:H) -> 852527 | H17: Printer | I17: =SUMIF('Sales Data'!E:E,H17,'Sales Data'!H:H) -> 1550739
B18: Sep | C18: =SUMIF('Sales Data'!B:B,B18,'Sales Data'!H:H) -> 993340 | H18: Webcam | I18: =SUMIF('Sales Data'!E:E,H18,'Sales Data'!H:H) -> 503752
B19: Oct | C19: =SUMIF('Sales Data'!B:B,B19,'Sales Data'!H:H) -> 903686 | H19: Speaker | I19: =SUMIF('Sales Data'!E:E,H19,'Sales Data'!H:H) -> 306775
B20: Nov | C20: =SUMIF('Sales Data'!B:B,B20,'Sales Data'!H:H) -> 851108
B21: Dec | C21: =SUMIF('Sales Data'!B:B,B21,'Sales Data'!H:H) -> 763988
